"과일막대", ""
"canin", ""
"이즈칸캣그레인캐츠랑", ""
"컴페니언펫츠클래식", ""
"캣츠미어", ""
"카르나4", ""
"벤티", ""
"궁", ""
"카이세키", ""
"시크릿ANF", ""
"웨이트케어", ""
"Natural", ""
"5.6kg", ""
"파우치", ""
"1세", ""
"단일340g", ""
"코어", ""
"WellPet", ""
"스", ""
"이즈칸캣그레인1", ""
"국내사료", ""
"그레인중성화고양이사료", ""
"내추럴발란스고양이사료", ""
"위드", ""
"야옹이사료3KG", ""
"아보덤그레인고양이", ""
"7Kg", ""
"단일11.3", ""
"컴플리트", ""
"흰살생선", ""
"그레인곡물알러지", ""
"순살닭고기", ""
"단일20kg", ""
"단일15", ""
"l", ""
"1Box", ""
"8p", ""
"그레인프리고양이피부키튼사료", ""
"12", ""
"고양이기호", ""
"새벽가능사료샘플", ""
"단일2.72kg", ""
"애완테비", ""
"프리미엄80g", ""
"고양이뉴트리오", ""
"뇌", ""
"Mi", ""
"료", ""
"프리런", ""
"고양이원더캣츠", ""
"그레인건사료", ""
"애묘나비랑", ""
"애묘뉴웰", ""
"그레인고양이사료", ""
"그레인캣", ""
"그레인세라피드", ""
"그레인애완묘사료", ""
"보레알&지위픽&알모네이쳐", ""
"네이쳐", ""
"참치맛", ""
"M92", ""
"단일1개", ""
"NUTRO", ""
"스마트하트골드", ""
"NutriSource", ""
"SUPREME", ""
"0.8KG", ""
"5P", ""
"팬시팬시엘레강트", ""
"팬시팬시씨푸드", ""
"팬시연어멀티팩", ""
"팬시청키치킨", ""
"팬시사료", ""
"팬시팬시청키치킨", ""
"팬시통살", ""
"팬시칠면조&지블렛", ""
"팬시팬시키튼터키", ""
"팬시닭훈제", ""
"팬시팬시통치킨", ""
"팬시24개", ""
"팬시팬시참치와", ""
"팬시투스카니", ""
"팬시로얄참치", ""
"클래식", ""
"팬시스페셜팩", ""
"팬시치킨맛", ""
"팬시메들리파테", ""
"팬시생선참치멀티팩", ""
"팬시퓨레키스", ""
"팬시화이트라벨키튼텐더", ""
"택배팬시키튼터키멀티팩", ""
"맛", ""
"그레인맛", ""
"다이아몬드", ""
"그레인훈제연어송어", ""
"908g", ""
"몰", ""
"818", ""
"테라펠리스", ""
"B급지위픽", ""
"난", ""
"비타민", ""
"연어와", ""
"14Kg", ""
"닭고기와쌀2kg", ""
"위한", ""
"5.2kg", ""
"그레인토우", ""
"헝그리하운드펫푸드", ""
"주", ""
"2", ""
"오븐", ""
"신", ""
"그레인터키", ""
"마프", ""
"깨양이의만찬", ""
"단일1.6kg", ""
"그레인퓨어네이쳐", ""
"단일2", ""
"새벽가능독일", ""
"단일어덜트캣", ""
"단일라이트캣", ""
"생활애완키튼", ""
"이식", ""
"힐스펫뉴트리션", ""
"Dry", ""
"1.6kg", ""
"1.4kg", ""
"그레인컨트리", ""
"유산균사료", ""
"칠면조와", ""
"이레본", ""
"Neu", ""
"2.4kg", ""
"뉴웨이브고양이홀리스틱1연어1kg", ""
"하이원", ""
"ha", ""
"토스칸", ""
"오리", ""
"냥이밥", ""
"살몬", ""
"칠면조오리", ""
"40g", ""
"애완비타크래프트", ""
"채우기", ""
"송어와", ""
"훈제연어", ""
"양고기쌀", ""
"단일램", ""
"단일라이트", ""
"프로네이쳐", ""
"단일1.3kg", ""
"맛있는얼굴", ""
"해피랑", ""
"지위픽캣캔모음전", ""
"생활나비랑", ""
"600g", ""
"단일나비랑플러스", ""
"n6595", ""
"Nutrena", ""
"뉴트리나비스트로", ""
"시크릿동원", ""
"고양이습식파우치", ""
"생선맛", ""
"치킨맛", ""
"350g", ""
"PJ", ""
"캣아이", ""
"캣츠힐", ""
"캣츠원피스", ""
"B급보레알", ""
"캣츠아이", ""
"네코야", ""
"디럭스락", ""
"발란스", ""
"70g", ""
"캣썬", ""
"새벽가능몰리스미니참치와게맛살", ""
"타히보", ""
"로얄", ""
"미요미", ""
"담백", ""
"고양이고양이모질개선매끈한털영양주는", ""
"SH", ""
"ON", ""
"임신", ""
"새벽가능락톨", ""
"단일3.4", ""
"단일8.5", ""
"렉스내츄럴레인지", ""
"신선", ""
"오시켓", ""
"스핑크스", ""
"랙돌", ""
"브리티시숏헤어", ""
"영향", ""
"FISH4CATS", ""
"7", ""
"보리귀리", ""
"클린", ""
"80g", ""
"연어치킨사료", ""
"기", ""
"냥이사료x4개", ""
"펫", ""
"단일1", ""
"단일4.54", ""
"5", ""
"프리에이커", ""
"새벽가능쓱새벽게더", ""
"그레인아미오", ""
"애완아미오", ""
"그레인5.4kg300gx18개", ""
"그레인1.8kg", ""
"BEST", ""
"고양이미토", ""
"펫반려동물", ""
"펫고양이사료", ""
